{
  "taping": {
    "mIoU": 0.6051226909356686,
    "Dice": 0.7400921480713792,
    "Precision": 0.7384878834076163,
    "Recall": 0.7770232029499051
  },
  "crack": {
    "mIoU": 0.5178355445950152,
    "Dice": 0.6646329628947372,
    "Precision": 0.6851453141216742,
    "Recall": 0.7261259485700785
  },
  "train_time_min": 63.694676637649536
}